round,timestamp,playerMove,computerMove,result
0,2026-07-18T17:43:15.905136800,PAPER,ROCK,PLAYER_WIN
0,2026-07-18T17:53:55.565285,ROCK,PAPER,COMPUTER_WIN
0,2026-07-18T17:53:57.142679800,PAPER,SCISSORS,COMPUTER_WIN
0,2026-07-18T17:54:00.989189300,ROCK,SCISSORS,PLAYER_WIN
0,2026-07-18T17:54:02.704915100,SCISSORS,SCISSORS,DRAW
0,2026-07-18T17:54:03.246458300,PAPER,SCISSORS,COMPUTER_WIN
0,2026-07-18T17:54:03.605623200,SCISSORS,PAPER,PLAYER_WIN
0,2026-07-18T17:54:03.851847600,ROCK,SCISSORS,PLAYER_WIN
0,2026-07-18T17:54:04.248477,PAPER,PAPER,DRAW
0,2026-07-18T17:54:04.371897400,SCISSORS,ROCK,COMPUTER_WIN
0,2026-07-18T17:54:04.971530600,ROCK,ROCK,DRAW
0,2026-07-18T17:54:05.377250,PAPER,PAPER,DRAW
0,2026-07-18T17:54:05.504440700,PAPER,ROCK,PLAYER_WIN
0,2026-07-18T17:54:05.764255100,ROCK,SCISSORS,PLAYER_WIN
0,2026-07-18T17:54:05.909296200,ROCK,SCISSORS,PLAYER_WIN
0,2026-07-18T17:54:06.076029800,ROCK,PAPER,COMPUTER_WIN
0,2026-07-18T17:54:06.197305,ROCK,SCISSORS,PLAYER_WIN
0,2026-07-18T17:54:06.512927500,PAPER,SCISSORS,COMPUTER_WIN
0,2026-07-18T17:54:06.783315900,SCISSORS,SCISSORS,DRAW
0,2026-07-18T17:54:07.051027800,PAPER,PAPER,DRAW
0,2026-07-18T17:54:07.332164600,SCISSORS,PAPER,PLAYER_WIN
0,2026-07-18T17:54:07.456255500,SCISSORS,PAPER,PLAYER_WIN
0,2026-07-18T17:54:07.739249200,PAPER,ROCK,PLAYER_WIN
0,2026-07-18T17:54:07.964336,ROCK,PAPER,COMPUTER_WIN
0,2026-07-18T17:54:08.207006,PAPER,SCISSORS,COMPUTER_WIN
0,2026-07-18T17:54:08.959197400,ROCK,PAPER,COMPUTER_WIN
0,2026-07-18T17:54:09.102998200,ROCK,PAPER,COMPUTER_WIN
0,2026-07-18T17:54:09.339563900,PAPER,PAPER,DRAW
0,2026-07-18T17:54:09.576721600,SCISSORS,SCISSORS,DRAW
0,2026-07-18T17:54:09.803001500,PAPER,PAPER,DRAW
0,2026-07-18T17:54:10.079627800,SCISSORS,SCISSORS,DRAW
0,2026-07-18T17:54:10.231442,SCISSORS,SCISSORS,DRAW
0,2026-07-18T17:54:11.165017400,ROCK,PAPER,COMPUTER_WIN
0,2026-07-18T17:54:11.390507600,PAPER,ROCK,PLAYER_WIN
0,2026-07-18T17:54:11.531356100,PAPER,PAPER,DRAW
0,2026-07-18T17:54:11.722455600,ROCK,ROCK,DRAW
0,2026-07-18T17:54:11.959328900,PAPER,PAPER,DRAW
0,2026-07-18T17:54:12.191852700,SCISSORS,ROCK,COMPUTER_WIN
0,2026-07-18T17:58:15.722473900,PAPER,ROCK,PLAYER_WIN
0,2026-07-18T17:58:16.090693800,ROCK,SCISSORS,PLAYER_WIN
0,2026-07-18T17:58:16.547326700,SCISSORS,PAPER,PLAYER_WIN
0,2026-07-18T17:58:16.881528,PAPER,ROCK,PLAYER_WIN
0,2026-07-18T17:58:17.180488,SCISSORS,PAPER,PLAYER_WIN
0,2026-07-18T17:58:17.474957200,PAPER,PAPER,DRAW
0,2026-07-18T17:58:17.787473100,ROCK,ROCK,DRAW
0,2026-07-18T17:58:18.122836400,PAPER,PAPER,DRAW
0,2026-07-18T17:58:18.379673400,ROCK,ROCK,DRAW
0,2026-07-18T17:58:19.130651200,SCISSORS,ROCK,COMPUTER_WIN
0,2026-07-18T17:58:19.425927800,SCISSORS,ROCK,COMPUTER_WIN
0,2026-07-18T17:58:19.698366100,PAPER,PAPER,DRAW
0,2026-07-18T17:58:19.995358400,SCISSORS,PAPER,PLAYER_WIN
0,2026-07-18T17:58:20.234625600,PAPER,SCISSORS,COMPUTER_WIN
0,2026-07-18T17:58:20.466561800,ROCK,ROCK,DRAW
0,2026-07-18T17:58:20.730526500,ROCK,PAPER,COMPUTER_WIN
0,2026-07-18T17:58:21.027566400,PAPER,PAPER,DRAW
0,2026-07-18T17:58:21.283167500,ROCK,SCISSORS,PLAYER_WIN
0,2026-07-18T17:58:21.522354500,PAPER,SCISSORS,COMPUTER_WIN
0,2026-07-18T17:58:21.842344400,SCISSORS,ROCK,COMPUTER_WIN
0,2026-07-18T17:58:22.113961300,PAPER,PAPER,DRAW
0,2026-07-18T17:58:22.386349200,SCISSORS,ROCK,COMPUTER_WIN
0,2026-07-18T17:58:22.780606600,SCISSORS,SCISSORS,DRAW
0,2026-07-18T17:58:23.138550700,PAPER,ROCK,PLAYER_WIN
0,2026-07-18T17:58:23.379799300,SCISSORS,ROCK,COMPUTER_WIN
0,2026-07-18T17:58:23.579401700,PAPER,SCISSORS,COMPUTER_WIN
0,2026-07-18T17:58:23.850179400,ROCK,PAPER,COMPUTER_WIN
0,2026-07-18T17:58:24.194896400,PAPER,SCISSORS,COMPUTER_WIN
0,2026-07-18T17:58:24.402096600,ROCK,SCISSORS,PLAYER_WIN
0,2026-07-18T17:58:24.970737700,PAPER,SCISSORS,COMPUTER_WIN
0,2026-07-18T17:58:25.210816,SCISSORS,PAPER,PLAYER_WIN
0,2026-07-18T17:58:25.338336900,SCISSORS,ROCK,COMPUTER_WIN
0,2026-07-18T17:58:25.601881100,PAPER,PAPER,DRAW
0,2026-07-18T17:58:25.843594300,SCISSORS,PAPER,PLAYER_WIN
0,2026-07-18T17:58:26.058553200,PAPER,SCISSORS,COMPUTER_WIN
0,2026-07-18T17:58:26.282054200,ROCK,SCISSORS,PLAYER_WIN
0,2026-07-18T17:58:26.418887700,ROCK,SCISSORS,PLAYER_WIN
0,2026-07-18T17:58:26.690544900,PAPER,SCISSORS,COMPUTER_WIN
0,2026-07-18T17:58:26.933371200,ROCK,ROCK,DRAW
0,2026-07-18T17:58:27.163929500,PAPER,SCISSORS,COMPUTER_WIN
0,2026-07-18T17:58:27.874424900,ROCK,ROCK,DRAW
0,2026-07-18T17:58:28.082799,ROCK,ROCK,DRAW
0,2026-07-18T17:58:28.251041600,ROCK,SCISSORS,PLAYER_WIN
0,2026-07-18T17:58:28.786619700,SCISSORS,PAPER,PLAYER_WIN
0,2026-07-18T17:58:29.042798300,SCISSORS,SCISSORS,DRAW
0,2026-07-18T17:58:29.322360100,PAPER,ROCK,PLAYER_WIN
0,2026-07-18T17:58:29.555019700,SCISSORS,SCISSORS,DRAW
0,2026-07-18T17:58:29.732587800,SCISSORS,PAPER,PLAYER_WIN
0,2026-07-18T17:58:29.971739100,PAPER,ROCK,PLAYER_WIN
0,2026-07-18T17:58:30.218639,SCISSORS,SCISSORS,DRAW
0,2026-07-18T17:58:30.506632300,PAPER,ROCK,PLAYER_WIN
0,2026-07-18T17:58:30.818642700,ROCK,PAPER,COMPUTER_WIN
0,2026-07-18T17:58:31.154709,PAPER,ROCK,PLAYER_WIN
0,2026-07-18T17:58:31.449581600,ROCK,ROCK,DRAW
0,2026-07-18T17:58:31.796065900,SCISSORS,ROCK,COMPUTER_WIN
0,2026-07-18T17:58:32.018133,SCISSORS,ROCK,COMPUTER_WIN
0,2026-07-18T17:58:32.249939400,PAPER,PAPER,DRAW
0,2026-07-18T17:58:32.505378100,SCISSORS,ROCK,COMPUTER_WIN
0,2026-07-18T17:58:32.643661500,SCISSORS,PAPER,PLAYER_WIN
0,2026-07-18T17:58:32.874348300,PAPER,SCISSORS,COMPUTER_WIN
0,2026-07-18T17:58:33.121315300,ROCK,SCISSORS,PLAYER_WIN
0,2026-07-18T17:58:33.458173300,PAPER,SCISSORS,COMPUTER_WIN
0,2026-07-18T17:58:33.673799400,ROCK,SCISSORS,PLAYER_WIN
0,2026-07-18T17:58:33.818176,ROCK,SCISSORS,PLAYER_WIN
0,2026-07-18T17:58:34.066313900,PAPER,SCISSORS,COMPUTER_WIN
0,2026-07-18T17:58:34.339903400,SCISSORS,ROCK,COMPUTER_WIN
0,2026-07-18T17:58:34.562427300,PAPER,PAPER,DRAW
0,2026-07-18T17:58:35.242320800,SCISSORS,SCISSORS,DRAW
0,2026-07-18T17:58:35.386571100,SCISSORS,PAPER,PLAYER_WIN
0,2026-07-18T17:58:35.627451900,PAPER,SCISSORS,COMPUTER_WIN
0,2026-07-18T17:58:35.858602600,ROCK,PAPER,COMPUTER_WIN
0,2026-07-18T17:58:36.747583300,ROCK,ROCK,DRAW
0,2026-07-18T17:58:36.890743500,ROCK,PAPER,COMPUTER_WIN
0,2026-07-18T17:58:37.363220100,PAPER,ROCK,PLAYER_WIN
0,2026-07-18T17:58:37.649889700,SCISSORS,PAPER,PLAYER_WIN
0,2026-07-18T17:58:38.482329200,ROCK,PAPER,COMPUTER_WIN
0,2026-07-18T17:58:38.810338200,SCISSORS,PAPER,PLAYER_WIN
0,2026-07-18T17:58:39.170529600,ROCK,SCISSORS,PLAYER_WIN
0,2026-07-18T17:58:39.322547700,ROCK,PAPER,COMPUTER_WIN
0,2026-07-18T17:58:39.941566,ROCK,SCISSORS,PLAYER_WIN
0,2026-07-18T17:58:40.243634,SCISSORS,PAPER,PLAYER_WIN
0,2026-07-18T17:58:40.562349800,ROCK,ROCK,DRAW
0,2026-07-18T17:58:40.842543600,PAPER,ROCK,PLAYER_WIN
0,2026-07-18T17:58:41.162328,ROCK,PAPER,COMPUTER_WIN
0,2026-07-18T17:58:41.322782500,ROCK,ROCK,DRAW
0,2026-07-18T17:58:41.642834100,SCISSORS,SCISSORS,DRAW
0,2026-07-18T17:58:41.943207300,PAPER,SCISSORS,COMPUTER_WIN
0,2026-07-18T17:58:42.218550800,SCISSORS,SCISSORS,DRAW
0,2026-07-18T17:58:42.513685200,ROCK,ROCK,DRAW
0,2026-07-18T17:58:42.659451800,ROCK,ROCK,DRAW
0,2026-07-18T17:58:42.917101300,ROCK,PAPER,COMPUTER_WIN
0,2026-07-18T17:58:43.186598600,PAPER,ROCK,PLAYER_WIN
0,2026-07-18T17:58:43.634346800,ROCK,ROCK,DRAW
0,2026-07-18T17:58:43.961319400,SCISSORS,PAPER,PLAYER_WIN
0,2026-07-18T17:58:44.194271400,PAPER,SCISSORS,COMPUTER_WIN
0,2026-07-18T17:58:44.475290800,SCISSORS,ROCK,COMPUTER_WIN
0,2026-07-18T17:58:44.803385,PAPER,PAPER,DRAW
0,2026-07-18T17:58:45.019831400,ROCK,PAPER,COMPUTER_WIN
0,2026-07-18T17:58:45.250014400,PAPER,PAPER,DRAW
0,2026-07-18T17:58:45.482300900,SCISSORS,SCISSORS,DRAW
0,2026-07-18T17:58:45.963398900,ROCK,SCISSORS,PLAYER_WIN
0,2026-07-18T17:58:46.562364300,SCISSORS,ROCK,COMPUTER_WIN
0,2026-07-18T17:58:46.737611500,SCISSORS,ROCK,COMPUTER_WIN
0,2026-07-18T17:58:47.050581600,PAPER,PAPER,DRAW
0,2026-07-18T17:58:47.291500600,ROCK,SCISSORS,PLAYER_WIN
0,2026-07-18T17:58:47.682293300,SCISSORS,PAPER,PLAYER_WIN
0,2026-07-18T17:58:47.987557600,PAPER,PAPER,DRAW
0,2026-07-18T17:58:48.282547400,ROCK,PAPER,COMPUTER_WIN
