prev3,prev2,prev1,nextMove
PAPER,ROCK,PAPER,ROCK
ROCK,PAPER,ROCK,SCISSORS
PAPER,ROCK,SCISSORS,PAPER
ROCK,SCISSORS,PAPER,SCISSORS
SCISSORS,PAPER,SCISSORS,ROCK
PAPER,SCISSORS,ROCK,PAPER
SCISSORS,ROCK,PAPER,SCISSORS
ROCK,PAPER,SCISSORS,ROCK
PAPER,SCISSORS,ROCK,PAPER
SCISSORS,ROCK,PAPER,PAPER
ROCK,PAPER,PAPER,ROCK
PAPER,PAPER,ROCK,ROCK
PAPER,ROCK,ROCK,ROCK
ROCK,ROCK,ROCK,ROCK
ROCK,ROCK,ROCK,PAPER
ROCK,ROCK,PAPER,SCISSORS
ROCK,PAPER,SCISSORS,PAPER
PAPER,SCISSORS,PAPER,SCISSORS
SCISSORS,PAPER,SCISSORS,SCISSORS
PAPER,SCISSORS,SCISSORS,PAPER
SCISSORS,SCISSORS,PAPER,ROCK
SCISSORS,PAPER,ROCK,PAPER
PAPER,ROCK,PAPER,ROCK
ROCK,PAPER,ROCK,ROCK
PAPER,ROCK,ROCK,PAPER
ROCK,ROCK,PAPER,SCISSORS
ROCK,PAPER,SCISSORS,PAPER
PAPER,SCISSORS,PAPER,SCISSORS
SCISSORS,PAPER,SCISSORS,SCISSORS
PAPER,SCISSORS,SCISSORS,ROCK
SCISSORS,SCISSORS,ROCK,PAPER
SCISSORS,ROCK,PAPER,PAPER
ROCK,PAPER,PAPER,ROCK
PAPER,PAPER,ROCK,PAPER
PAPER,ROCK,PAPER,SCISSORS
ROCK,PAPER,SCISSORS,PAPER
PAPER,SCISSORS,PAPER,ROCK
SCISSORS,PAPER,ROCK,SCISSORS
PAPER,ROCK,SCISSORS,PAPER
ROCK,SCISSORS,PAPER,SCISSORS
SCISSORS,PAPER,SCISSORS,PAPER
PAPER,SCISSORS,PAPER,ROCK
SCISSORS,PAPER,ROCK,PAPER
PAPER,ROCK,PAPER,ROCK
ROCK,PAPER,ROCK,SCISSORS
PAPER,ROCK,SCISSORS,SCISSORS
ROCK,SCISSORS,SCISSORS,PAPER
SCISSORS,SCISSORS,PAPER,SCISSORS
SCISSORS,PAPER,SCISSORS,PAPER
PAPER,SCISSORS,PAPER,ROCK
SCISSORS,PAPER,ROCK,ROCK
PAPER,ROCK,ROCK,PAPER
ROCK,ROCK,PAPER,ROCK
ROCK,PAPER,ROCK,PAPER
PAPER,ROCK,PAPER,SCISSORS
ROCK,PAPER,SCISSORS,PAPER
PAPER,SCISSORS,PAPER,SCISSORS
SCISSORS,PAPER,SCISSORS,SCISSORS
PAPER,SCISSORS,SCISSORS,PAPER
SCISSORS,SCISSORS,PAPER,SCISSORS
SCISSORS,PAPER,SCISSORS,PAPER
PAPER,SCISSORS,PAPER,ROCK
SCISSORS,PAPER,ROCK,PAPER
PAPER,ROCK,PAPER,ROCK
ROCK,PAPER,ROCK,PAPER
PAPER,ROCK,PAPER,SCISSORS
ROCK,PAPER,SCISSORS,SCISSORS
PAPER,SCISSORS,SCISSORS,PAPER
SCISSORS,SCISSORS,PAPER,SCISSORS
SCISSORS,PAPER,SCISSORS,PAPER
PAPER,SCISSORS,PAPER,ROCK
SCISSORS,PAPER,ROCK,ROCK
PAPER,ROCK,ROCK,PAPER
ROCK,ROCK,PAPER,ROCK
ROCK,PAPER,ROCK,PAPER
PAPER,ROCK,PAPER,ROCK
ROCK,PAPER,ROCK,ROCK
PAPER,ROCK,ROCK,ROCK
ROCK,ROCK,ROCK,SCISSORS
ROCK,ROCK,SCISSORS,SCISSORS
ROCK,SCISSORS,SCISSORS,PAPER
SCISSORS,SCISSORS,PAPER,SCISSORS
SCISSORS,PAPER,SCISSORS,SCISSORS
PAPER,SCISSORS,SCISSORS,PAPER
SCISSORS,SCISSORS,PAPER,SCISSORS
SCISSORS,PAPER,SCISSORS,PAPER
PAPER,SCISSORS,PAPER,ROCK
SCISSORS,PAPER,ROCK,PAPER
PAPER,ROCK,PAPER,ROCK
ROCK,PAPER,ROCK,SCISSORS
PAPER,ROCK,SCISSORS,SCISSORS
ROCK,SCISSORS,SCISSORS,PAPER
SCISSORS,SCISSORS,PAPER,SCISSORS
SCISSORS,PAPER,SCISSORS,SCISSORS
PAPER,SCISSORS,SCISSORS,PAPER
SCISSORS,SCISSORS,PAPER,ROCK
SCISSORS,PAPER,ROCK,PAPER
PAPER,ROCK,PAPER,ROCK
ROCK,PAPER,ROCK,ROCK
PAPER,ROCK,ROCK,PAPER
ROCK,ROCK,PAPER,SCISSORS
ROCK,PAPER,SCISSORS,PAPER
PAPER,SCISSORS,PAPER,SCISSORS
SCISSORS,PAPER,SCISSORS,SCISSORS
PAPER,SCISSORS,SCISSORS,PAPER
SCISSORS,SCISSORS,PAPER,ROCK
SCISSORS,PAPER,ROCK,ROCK
PAPER,ROCK,ROCK,ROCK
ROCK,ROCK,ROCK,PAPER
ROCK,ROCK,PAPER,SCISSORS
ROCK,PAPER,SCISSORS,ROCK
PAPER,SCISSORS,ROCK,SCISSORS
SCISSORS,ROCK,SCISSORS,ROCK
ROCK,SCISSORS,ROCK,ROCK
SCISSORS,ROCK,ROCK,ROCK
ROCK,ROCK,ROCK,SCISSORS
ROCK,ROCK,SCISSORS,ROCK
ROCK,SCISSORS,ROCK,PAPER
SCISSORS,ROCK,PAPER,ROCK
ROCK,PAPER,ROCK,ROCK
PAPER,ROCK,ROCK,SCISSORS
ROCK,ROCK,SCISSORS,PAPER
ROCK,SCISSORS,PAPER,SCISSORS
SCISSORS,PAPER,SCISSORS,ROCK
PAPER,SCISSORS,ROCK,ROCK
SCISSORS,ROCK,ROCK,ROCK
ROCK,ROCK,ROCK,PAPER
ROCK,ROCK,PAPER,ROCK
ROCK,PAPER,ROCK,SCISSORS
PAPER,ROCK,SCISSORS,PAPER
ROCK,SCISSORS,PAPER,SCISSORS
SCISSORS,PAPER,SCISSORS,PAPER
PAPER,SCISSORS,PAPER,ROCK
SCISSORS,PAPER,ROCK,PAPER
PAPER,ROCK,PAPER,SCISSORS
ROCK,PAPER,SCISSORS,ROCK
PAPER,SCISSORS,ROCK,SCISSORS
SCISSORS,ROCK,SCISSORS,SCISSORS
ROCK,SCISSORS,SCISSORS,PAPER
SCISSORS,SCISSORS,PAPER,ROCK
SCISSORS,PAPER,ROCK,SCISSORS
PAPER,ROCK,SCISSORS,PAPER
ROCK,SCISSORS,PAPER,ROCK
